{"cameraMode":{"drawMode":0,"name":"Shaded","section":"Shading Mode"},"sceneLighting":false,"audioPlay":false,"sceneViewState":{"showFog":true,"showMaterialUpdate":false,"showSkybox":false,"showFlares":true,"showImageEffects":true,"showParticleSystems":true},"in2DMode":false,"pivot":{"x":-8.114751815795899,"y":-1.0745407342910767,"z":13.759746551513672},"rotation":{"x":0.19805604219436646,"y":-0.6146761775016785,"z":0.16144710779190064,"w":0.746615469455719},"size":6.252525329589844,"orthographic":false}