{"cameraMode":{"drawMode":0,"name":"Shaded","section":"Shading Mode"},"sceneLighting":false,"audioPlay":false,"sceneViewState":{"showFog":true,"showMaterialUpdate":false,"showSkybox":false,"showFlares":true,"showImageEffects":true,"showParticleSystems":true},"in2DMode":false,"pivot":{"x":178.0078887939453,"y":93.16450500488281,"z":-16.160409927368165},"rotation":{"x":-0.17428475618362428,"y":-0.19617325067520142,"z":0.03554794192314148,"w":-0.9643744230270386},"size":11.431550979614258,"orthographic":false}