{"cameraMode":{"drawMode":0,"name":"Shaded","section":"Shading Mode"},"sceneLighting":false,"audioPlay":false,"sceneViewState":{"showFog":true,"showMaterialUpdate":false,"showSkybox":false,"showFlares":true,"showImageEffects":true,"showParticleSystems":true},"in2DMode":false,"pivot":{"x":-7.310142517089844,"y":-3.284716844558716,"z":12.439507484436036},"rotation":{"x":0.19805604219436646,"y":-0.6146761775016785,"z":0.16144710779190064,"w":0.746615469455719},"size":5.030726909637451,"orthographic":false}